FormName,IsMissing,DaysMissing,error
Form 1,True,,nan is not of type 'integer'
Form 2,True,,nan is not of type 'integer'
Form 1,True,,nan is not of type 'integer'
Form 2,True,,nan is not of type 'integer'
Form 6,True,,nan is not of type 'integer'
Form 1,True,,nan is not of type 'integer'
Form 2,True,,nan is not of type 'integer'
Form 7,True,,nan is not of type 'integer'
Form 1,True,,nan is not of type 'integer'
Form 2,True,,nan is not of type 'integer'
Form 1,True,,nan is not of type 'integer'
Form 2,True,,nan is not of type 'integer'
Form 1,True,,nan is not of type 'integer'
Form 2,True,,nan is not of type 'integer'
Form 6,True,,nan is not of type 'integer'
Form 7,True,,nan is not of type 'integer'
Form 6,True,,nan is not of type 'integer'
Form 7,True,,nan is not of type 'integer'
Form 6,True,,nan is not of type 'integer'
Form 6,True,,nan is not of type 'integer'
Form 7,True,,nan is not of type 'integer'
Form 1,True,,nan is not of type 'integer'
Form 2,True,,nan is not of type 'integer'
Form 1,True,,nan is not of type 'integer'
Form 2,True,,nan is not of type 'integer'
Form 6,True,,nan is not of type 'integer'
Form 1,True,,nan is not of type 'integer'
Form 2,True,,nan is not of type 'integer'
Form 7,True,,nan is not of type 'integer'
Form 1,True,,nan is not of type 'integer'
Form 2,True,,nan is not of type 'integer'
Form 1,True,,nan is not of type 'integer'
Form 2,True,,nan is not of type 'integer'
Form 1,True,,nan is not of type 'integer'
Form 2,True,,nan is not of type 'integer'
Form 6,True,,nan is not of type 'integer'
Form 7,True,,nan is not of type 'integer'
Form 6,True,,nan is not of type 'integer'
Form 7,True,,nan is not of type 'integer'
Form 6,True,,nan is not of type 'integer'
Form 6,True,,nan is not of type 'integer'
Form 7,True,,nan is not of type 'integer'
