VisitName,ProjectedDate,DaysOutstanding,error
,,,None is not of type 'string'
,,,None is not of type 'string'
,,,None is not of type 'string'
,,,None is not of type 'string'
,,,None is not of type 'string'
,,,None is not of type 'string'
,,,None is not of type 'string'
,,,None is not of type 'string'
,,,None is not of type 'string'
,,,None is not of type 'string'
,,,None is not of type 'string'
,,,None is not of type 'string'
,,,None is not of type 'string'
,,,None is not of type 'string'
,,,None is not of type 'string'
,,,None is not of type 'string'
,,,None is not of type 'string'
,,,None is not of type 'string'
,,,None is not of type 'string'
,,,None is not of type 'string'
,,,None is not of type 'string'
,,,None is not of type 'string'
,,,None is not of type 'string'
,,,None is not of type 'string'
,,,None is not of type 'string'
,,,None is not of type 'string'
,,,None is not of type 'string'
,,,None is not of type 'string'
